"","LarvalID","OtoPart","Li","B","Na","Mg","Mg.1","Al","Si","K","Ca","Sc","Ti","V","Cr","Mn","Fe","Ni","Cu","Zn","Ga","Rb","Sr","Sr.1","Y","Ag","Sb","Ba","Ba.1","La","Ce","Nd","Er","Pb"
"185",185,"E1",0.0352880171785714,3.02809446635714,3391.34463842857,54.7405515814286,52.4890410489286,1.67334723292857,1385.70894848571,844.467753221429,399072.435717857,0.15778076575,0.208379888214286,0.0736861378928571,1.04791240617857,0.742842420571429,74.3887281003571,0.344844734214286,0.223985233321429,0.241848121,0.277303635678571,0.534343439214286,2332.55488728571,2324.85704396429,0.00668060425,0.0116330031428571,0.00636501664285714,42.5260627685714,43.5549623753571,0.00149972653571429,0.00300171182142857,0.0151548623214286,0.00708959907142857,0.00186290178571429
"186",186,"E1",0.037227883,3.32533257289286,3590.68763692857,45.0528489525,42.8812534496429,1.61381016464286,1928.85265907143,1099.20276165714,403614.660839286,0.0700316649285714,0.364976103928571,0.0651750538571429,1.09838211717857,0.7601650075,92.4770827635714,0.451540930821429,0.467080503428571,0.327964489214286,0.424522391821429,0.654988778214286,2811.43008964286,2810.4959265,0.00646891121428571,0.00905441960714286,0.0197615457142857,83.5176532235714,82.7867001942857,0.00128993696428571,0.00209892692857143,0.0130422376428571,0.00411419832142857,0.0118893745714286
"187",187,"E1",0.0452144067142857,3.29917156214286,3866.67689810714,28.3056596153571,26.9071954778571,1.47278348582143,2396.14619961429,1112.43867321429,403199.404475,0.134568714821429,0.316524191964286,0.0777470195,1.03824463946429,0.760602409928571,97.7474876021429,0.422520485285714,0.316623613535714,0.364683031857143,0.499595905678571,0.677679365428571,2685.95117178571,2665.84648475,0.00606316264285714,0.0116994146071429,0.0204651882142857,69.2541128103571,68.3535906321429,0.00256372714285714,0.00234985810714286,0.0147228188928571,0.00669306285714286,0.0144076851428571
"188",188,"E1",0.0440190361785714,4.00867037671429,3734.74346871429,38.5071714085714,36.0121131592857,1.77892889657143,2910.58913089286,970.062535603571,399164.665553571,0.15166834675,0.127783205714286,0.0668917502857143,0.952283195,0.962373048714286,94.6885661160714,0.465440357964286,0.3661222265,0.360117003857143,0.490455248142857,0.616639374821429,2109.12890582143,2184.20827814286,0.00676603935714286,0.00452545046428571,0.024162038,34.5022384807143,34.3360598621429,0.00294635389285714,0.00304391389285714,0.01223309175,0.0102876767142857,0.00795790589285714
"189",189,"E1",0.0715408281785714,3.01611336421429,3932.2622525,39.1753983235714,38.1313017110714,1.19018998867857,2459.15613026071,1201.64414514643,402265.882332143,0.0915569744642857,0.191381755214286,0.0819808531428571,1.23473948257143,0.677993508607143,98.72363638,0.428105691785714,0.493128422321429,0.398205003035714,0.45835554225,0.745814853321429,2763.50886132143,2698.03915732143,0.00494761489285714,0.0205121338571429,0.01245781875,57.2510242417857,58.5481323414286,0.00209937957142857,0.00130451042857143,0.01917861125,0.00783106867857143,0.0107077873214286
"190",190,"E1",0.0516940566071429,3.27067415092857,3904.68309871429,38.3376838810714,36.9560676557143,0.837200872821429,2426.40308123214,953.381339685714,404906.496003571,0.130351422821429,0.279875965392857,0.0666197058571429,1.21408634467857,1.17086068089286,101.143101346071,0.382447009857143,0.291290678392857,0.360989322642857,0.507348902821429,0.546555873214286,2706.50338571429,2680.40386785714,0.00282697003571429,0.0108792711071429,0.00960817989285714,65.4979079475,65.8555124110714,0.00283395389285714,0.00319780164285714,0.0252533600714286,0.00587478535714286,0.0147376089642857
"191",191,"E1",0.0327755938518519,2.15032579162963,3960.60870355556,26.5960215362963,24.8067719425926,0.961121289185185,1581.28756901852,1080.32000207037,393318.038077778,0.133080706,0.265074530148148,0.0992404237037037,1.15294276122222,1.05063454744444,89.2649379722222,0.275200831962963,0.319252391407407,0.288260004481481,0.416133773962963,0.542313798259259,2685.38275440741,2663.36696011111,0.00620830848148148,0.0154543584814815,0.00424673655555556,71.5863187992593,70.2371152907407,0.000425154592592593,0.00303397211111111,0.011420325,0.00585122674074074,0.0156092114814815
"192",192,"E1",0.0772421384814815,4.62996166803704,3668.21426014815,43.038341572963,41.9448732318519,1.77939884637037,2047.10770794074,779.969725759259,394387.433440741,0.156161573481481,0.204038879148148,0.0647407147407407,1.08535195422222,0.736775029333333,98.5720259833333,0.26486301237037,0.339083767074074,0.267283136185185,0.551820642962963,0.408867399814815,2679.83071659259,2636.73654544444,0.00460081414814815,0.00395631492592593,0.00363972825925926,62.7334021944444,65.2482555985185,0.00363462222222222,0.00396169477777778,0.00271707577777778,0.00757447311111111,0.002475528
"193",193,"E1",0.0466306136785714,2.80019089942857,3781.56095985714,26.1962592542857,26.0589642760714,1.8034285935,2632.43590305714,918.465316935714,394921.659914286,0.102973045571429,0.241920310928571,0.0661433655357143,1.20822192189286,1.15095263946429,94.5325913267857,0.349163342178571,0.306401489821429,0.323270490714286,0.48703084675,0.437708576,2754.41349892857,2702.72562232143,0.00281682803571429,0.00921900382142857,0.00304410039285714,61.2084783378571,61.3390023375,0.00119753735714286,0.00307170471428571,0.01595926025,0.0105119648571429,0.011750431
"194",194,"E1",0.0714603013214286,6.39648186285714,4019.23047460714,43.4925840353571,40.4950152507143,2.01224846525,394.69000041,1064.75909652857,394345.537632143,0.0405134593214286,0.60161345425,0.02842204525,0.191153191642857,1.44859414285714,107.572147524643,0.2463229675,0.162351996892857,0.51520622025,0.0810997300714286,0.558213383928571,1844.22119864286,1857.01791589286,0.00253166296428571,0.0250059373214286,0.00217886814285714,22.2968677588214,22.9880536948214,0.00132631767857143,0.00167534835714286,0.00457662185714286,0.00246222321428571,0.0127353317142857
"195",195,"E1",0.0250377543214286,6.02471876114286,3866.50604867857,75.1495065353571,71.5638582403571,0.856634554107143,531.888851971429,1041.25339936786,404238.699421429,0.0447017779642857,0.784106451285714,0.0199211794642857,0.316675057071429,1.57182311082143,103.1444401575,0.212485183142857,0.279437442678571,0.920831599357143,0.152225462571429,0.627624845821429,1927.10478007143,1918.15707267857,0.003816616,0.0379247308571429,0.00107177203571429,27.0487449192857,26.842947255,0.0008877885,0.0018268315,0.0143478917857143,0.003075656,0.0124411152142857
"196",196,"E1",0.0719156374,5.28322662112,4076.59391944,34.4067078624,33.08781166,0.4426790198,277.298580136,1037.812049636,403568.527404,0.02308079404,0.17326673388,0.01653706308,0.43726278392,0.65865606288,100.998755588,0.3244367924,0.19621552524,0.32007358544,0.1670509844,0.507572731,2275.7747826,2267.22229876,0.0036287052,0.00980371896,0.00738748272,35.8778353084,34.7560807148,0.00170754824,0.00383033056,0.00952084144,0.00303240124,0.00552529184
"197",197,"E1",0.0652514928181818,5.53606866659091,3711.22000545455,89.1952001886364,87.1842076445455,1.25512143068182,402.095069916818,679.6404608,397586.486709091,0.0524407622272727,0.108096347,0.0160216471818182,0.397056669772727,62.1584096798636,95.44281353,0.232236548272727,0.393911229045455,0.596762976545455,0.0576911361363636,0.406901990454545,2167.30487222727,2135.8613495,0.00288456972727273,0.00423464454545455,0.00519253304545455,37.6388344268182,37.5273399509091,0.00221745109090909,0.00252475040909091,0.00817230640909091,0.00739941104545455,0.00669585745454545
"198",198,"E1",0.0985793706785714,5.21975334267857,4228.40019121429,37.5051616967857,36.4282263692857,2.20792944,339.923058322143,1154.30978245714,398783.206792857,0.03997431325,0.23674209975,0.0467209888571429,0.304232079428571,0.737795226428571,93.9171769267857,0.304480014714286,0.356051384928571,0.893058719571429,0.126595247071429,0.687504095285714,2408.85651025,2372.10775760714,0.00641315,0.00787499217857143,0.00777962789285714,52.0497254807143,52.1161962892857,0.00279363385714286,0.00561660464285714,0.00413230389285714,0.00592652057142857,0.0147356043571429
"199",199,"E1",0.109093765821429,7.25504987482143,4404.83444028571,50.4902746421429,48.6435367242857,0.834962237928571,270.3310097,1193.29891665714,410507.393571429,0.0303153968571429,0.0948026676071429,0.0151030256428571,0.495053636178571,1.69932417382143,102.964020391429,0.290063923857143,0.465081587821429,0.803766658892857,0.117175898928571,0.679660850535714,1709.60093303571,1730.77137725,0.00316606335714286,0.00534940125,0.00262118067857143,19.4176056154643,18.8249456254643,0.00314079335714286,0.00314786789285714,0.00647761432142857,0.00297297603571429,0.004518169
"200",200,"E1",0.111350924214286,4.83154192907143,4439.41269064286,31.8094650117857,29.5343031225,0.712357572214286,487.177140805357,1092.70080772857,397850.265932143,0.0315331878928571,0.120970048214286,0.0270578088214286,0.28286717325,0.347698680035714,99.0888877032143,0.270911121928571,0.269816663714286,0.163629381464286,0.232405924785714,0.618972980464286,2624.86561914286,2626.48811328571,0.00396311710714286,0.00370735671428571,0.00121660407142857,66.6666950042857,65.9399496482143,0.00201950035714286,0.003831129,0.00900417935714286,0.00700608214285714,0.00677978171428571
"201",201,"E1",0.111152635785714,5.39765088457143,4351.73095207143,32.1395489917857,29.74241067,0.910688915857143,516.686588338214,1169.2507206,396917.747328571,0.0363044073214286,0.06871018325,0.0217189318571429,0.504740794357143,0.218312240392857,97.0392544117857,0.210227540464286,0.228373679928571,0.159054726714286,0.119169438285714,0.634590775285714,2670.99505128571,2702.72128139286,0.00381466771428571,0.00436531689285714,0.00236376571428571,62.1054186392857,60.7495609717857,0.00179640935714286,0.00210181892857143,0.00413383760714286,0.00382771296428571,0.00510468439285714
"202",202,"E1",0.171888247535714,5.54513104728571,4455.252877,37.8670296053571,35.5624690128571,0.649243938892857,709.997275052357,953.400378596429,403580.325839286,0.0479194264035714,0.151653300214286,0.0241732922142857,0.414443224964286,0.753156713464286,104.7629869,0.215415088642857,0.217793204464286,0.302274224428571,0.156881761142857,0.45464787,2299.253274,2292.984892,0.00333398571428571,0.00468917282142857,0,39.6375555596429,38.2265311760714,0.00129852625,0.00294830328571429,0.00710368764285714,0.00296838225,0.00211128642857143
"203",203,"E1",0.0718068976428571,5.69199999496429,4548.91095892857,36.9023726814286,35.3573959964286,0.613875672464286,1021.70334517857,1118.10037591429,401735.413464286,0.0592146957142857,0.177438808357143,0.0206523318928571,0.397225115571429,0.654900186821429,109.275726396071,0.245635188392857,0.216665848821429,0.18747166025,0.19141438325,0.654220532107143,2255.01270828571,2250.42392967857,0.00450212732142857,0.00569289335714286,0.00072446675,29.6404296403571,30.0722031967857,0.000681899357142857,0.00255577275,0.00520078775,0.00496351171428571,0.00896904389285714
"204",204,"E1",0.0725597798214286,5.19752752935714,4274.42449039286,40.4962241282143,38.0895706310714,0.413689776642857,1212.62482528825,980.261003628571,399049.36095,0.0401205295,0.180319415071429,0.0174790178214286,0.477019564607143,0.4398505675,98.0602572832143,0.269082403714286,0.17474397125,0.176065990642857,0.177075825035714,0.431039782392857,2349.73345960714,2344.60423492857,0.00385635578571429,0.00824594453571429,0,45.9312523153571,46.7149752160714,0.00136711364285714,0.00441227875,0.0119449244642857,0.00645275685714286,0.00818036717857143
"205",205,"E1",0.0678020484444444,4.4928673632963,4330.21752722222,32.6174201577778,31.2931672533333,1.02017253592593,999.129889288889,1130.14246682593,419766.158681481,0.0527031038518519,0.121682453444444,0.0206297517407407,0.646792977703704,0.544451451185185,112.53541720037,0.301087667925926,0.220665772111111,0.24999735737037,0.214307548777778,0.634577230222222,2662.75235611111,2727.770215,0.003921473,0.00127443988888889,0,56.2564045507407,55.388272202963,0.00176459322222222,0.00351245111111111,0.00448814214814815,0.00316541651851852,0.0076839417037037
"206",206,"E1",0.0563203192142857,2.61197927939286,4593.29046535714,32.1953933178571,30.0265108653571,0.60272903125,859.435194145179,1145.81446768929,399434.9876,0.0340849026785714,0.271275506285714,0.0394097627857143,0.638334448571429,0.510253569321429,110.633423595714,0.215853076642857,0.173772232035714,0.535130085607143,0.343487286928571,0.555068971428571,2622.43175957143,2616.63585560714,0.00469365028571429,0.00555247371428571,0.00143925296428571,75.1657689728571,74.1245349128571,0.000391638285714286,0.00201189621428571,0.0119695088928571,0.00473421225,0.00640986432142857
"207",207,"E1",0.0505679902142857,2.1204159445,4512.65346217857,32.9312034367857,30.0342067267857,1.22330802875,1115.89313529643,970.867620925,406207.055417857,0.0346526172857143,0.162068309607143,0.0310293321428571,0.55212476075,0.5516571725,114.28295323,0.217650879428571,0.280304631714286,2.88489750728571,0.40973354025,0.373131047642857,2523.16066667857,2540.38762825,0.00367104221428571,0.00410676325,0,63.0270363117857,63.1469843160714,0.00316625885714286,0.00259400235714286,0.0137567295357143,0.00363495221428571,0.0114860504285714
"208",208,"E1",0.0833012462222222,3.12760775288889,4222.24877366667,30.3124061103704,28.6962568662963,1.53462871818519,873.676260362593,962.977412503704,407609.540188889,0.0203431121111111,0.177815300925926,0.0141878784814815,0.304321927259259,0.371128441555556,100.208014884074,0.262220019777778,0.380993771555556,0.729827554222222,0.304903098222222,0.578388623518518,2275.44321196296,2294.87004174074,0.00121679766666667,0.00393392618518518,0,42.599022057037,43.6521730181481,0.000870921666666667,0.00336279692592593,0.00845667714814815,0.00478557,0.0255827510740741
"209",209,"E1",0.04555076375,2.62093800917857,4195.40988789286,29.5070355096429,27.3612059303571,0.899375887035714,479.498949725,978.77889115,395526.80635,0.0502763786785714,0.103529525464286,0.0197623409285714,0.591127812464286,1.10654377314286,87.6474256121429,0.275860761357143,0.183872527821429,0.152058300642857,0.0418011090357143,0.57881911825,2655.70702078571,2657.89702460714,0.00320975282142857,0.0107039376428571,0.00798112542857143,68.8775578325,68.8330256410714,0.00115960764285714,0.0030759135,0.0123207164285714,0.00373461685714286,0.00393463142857143
"210",210,"E1",0.102143682142857,3.26434193171429,4151.79265821429,29.4004694389286,27.0241048525,0.94797425475,417.093543003929,987.335829235714,391932.675703571,0.0536493350357143,0.145043446071429,0.0245401927857143,0.563569884178571,0.677780367714286,94.6226622853571,0.207096638321429,0.223696172178571,1.60344869082143,0.200293111428571,0.509935423571429,2584.76904139286,2573.38258328571,0.00510859032142857,0.00371844857142857,0.00476978285714286,72.2424184617857,72.2845310753572,0.00219083964285714,0.00173844335714286,0.00692703171428571,0.00521113517857143,0.00720825225
"211",211,"E1",0.133601279074074,1.76016501596296,4457.57721044444,28.9796257355556,27.5424007051852,0.819278376259259,582.168066088889,1073.21985285926,400988.951792593,0.0666913517037037,0.144431750851852,0.026458605037037,0.662297262444444,0.256752622592593,96.8899419296296,0.231819503851852,0.15336079137037,0.171322234666667,0.143854621333333,0.420495447888889,2602.64231548148,2590.73045062963,0.00217493840740741,0.00543131259259259,0.0042236337037037,62.8044350248148,63.1294344988889,0.000850389518518518,0.00159287555555556,0.0152512503703704,0.00438012366666667,0.005152819
"212",212,"E1",0.122575679925926,2.42849892014815,4292.47411722222,32.9538779407407,30.7598450177778,0.695884324222222,1136.45704998415,966.687512981482,400330.0871,0.0523968378888889,0.160982125,0.0395548665555556,0.602628372777778,0.414952213333333,97.5631881281482,0.143306920703704,0.190583166740741,0.223966848814815,0.190052918111111,0.478528177592593,2680.29903833333,2692.11018837037,0.00488802503703704,0.00804079677777778,0.000563308518518518,59.7664510807407,60.6663981866667,0.00138368237037037,0.00191496685185185,0.00254164755555556,0.00682264596296296,0.00562259911111111
"213",213,"E1",0.104449538285714,2.31754476782143,4303.76521517857,27.5780159682143,26.3232719103571,0.745365546607143,824.543747723929,878.970381635714,403974.478682143,0.0569697596428571,0.101739091678571,0.0237795194642857,0.525842445035714,0.624458991178571,103.593490613571,0.233246465714286,0.149078901678571,0.239871047214286,0.188595458071429,0.253410323321429,2522.81313642857,2523.36765196429,0.00425635235714286,0.00464706428571429,0.00158162396428571,64.2432593528571,63.9010333907143,0.00183223839285714,0.00407522282142857,0.00813380707142857,0.00636964825,0.005690852
"214",214,"E1",0.136722305821429,3.03618672914286,4013.71268875,32.9257659925,30.52949591,0.738270970678571,1531.42935355036,811.592174210714,394618.708535714,0.0658285193571429,0.0761500379642857,0.0120411077857143,0.430369509785714,0.291991579678571,93.9578962925,0.239513293178571,0.217504548964286,0.257431473892857,0.0984499860357143,0.313828372321429,2391.09602057143,2382.80524046429,0.00312223917857143,0.006913499,0.00397456525,33.0556392917857,33.1542841446429,0.000651538642857143,0.00194016085714286,0.0101563518214286,0.00382005975,0.00918178335714286
"215",215,"E1",0.131607343392857,4.29546612989286,4031.43193042857,36.7444804257143,34.3326061042857,0.839365493928571,654.636411437857,786.704238682143,399635.469421429,0.0648265031785714,0.19529758625,0.0179411104642857,0.461015593035714,0.838000765821429,98.7624882121429,0.225130118607143,0.148343500071429,0.219162065214286,0.216320964678571,0.34722716475,2282.39399889286,2292.12568003571,0.00498668232142857,0.00478654317857143,0.00152312175,50.7054255346429,52.1661830478571,0.00115903378571429,0.00243565671428571,0.00413191853571429,0.00583501867857143,0.00731679360714286
"216",216,"E1",0.121838426892857,2.2106005835,4339.05351478571,28.4249817114286,25.5443127878571,0.599590048071429,613.490040685,1101.76988182857,397532.295975,0.0679002264642857,0.1415514785,0.013064577,0.233446067428571,0.363055451571429,96.675778,0.198766705107143,0.184900756928571,0.336997654357143,0.167545744,0.46654381225,2643.08512503571,2721.89092107143,0.00331659885714286,0.00858982835714286,7.12429642857143e-05,69.5542411842857,68.9623918271429,0.00154634832142857,0.000648674,0.00785900782142857,0.00879830982142857,0.00892238660714286
"217",217,"E1",0.115623182666667,2.48749245859259,4171.63415996296,34.1802654740741,31.9530265648148,0.761857481185185,815.504432647778,910.640421314815,406465.003225926,0.0276371405925926,0.130993457407407,0.0131384311851852,0.350510225814815,0.785389065,98.9293166766667,0.263186969888889,0.236983569592593,0.221264731222222,0.207985448074074,0.351013146777778,2458.17072785185,2429.9810117037,0.00308030322222222,0.00810610888888889,0.00568381833333333,46.1327941933333,45.6713398092593,0.00157604722222222,0.00211242688888889,0.005277688,0.00899143196296296,0.0113228977777778
"218",218,"E1",0.0906842745714286,2.65814768132143,4186.96980296429,28.9231679532143,27.4664259678571,4.28943094628571,635.554861042143,964.933621621429,403582.747907143,0.0616410086428571,0.184270556892857,0.0171764743571429,0.727115677285714,0.3933609405,96.5714562646429,0.1464320765,0.225963135214286,0.314802073821429,0.228509611214286,0.440989206107143,2424.11214510714,2416.12915414286,0.00291213657142857,0.00505680742857143,0,45.0391477371429,44.0209825378571,0.00171138667857143,0.00405621653571429,0.00974747253571429,0.00358916721428571,0.00625613242857143
"219",219,"E1",0.221987489714286,1.03952314235714,4933.983321,32.2858023617857,30.3340974496429,0.867668045785714,703.477710746429,1131.39528344643,415614.524735714,0.0426394536071429,0.170409879178571,0.0169861060357143,0.553093863642857,0.500437691357143,122.242956348929,0.284646879392857,0.24183541725,0.222410097571429,0.461683713857143,0.639878897785714,2614.47822385714,2687.47625057143,0.00345493392857143,0.01078791225,0,56.9384848889286,53.8452295696429,0.000873117428571429,0.00231980725,0.0112679821071429,0.00273127739285714,0.00929784575
"220",220,"E1",0.0803075443928571,3.04821606892857,4218.61171192857,30.9769981885714,28.1624382639286,0.801771589178571,697.440554349643,897.084640253571,394272.806464286,0.0771577127142857,0.202340442892857,0.0170271525,0.524507189607143,0.497041996821429,96.3095906814286,0.279455255035714,0.225241690214286,0.21440703025,0.301385183214286,0.32649985475,2838.99149332143,2824.80619314286,0.00526824717857143,0.00725953821428571,0.00173808225,97.6026495921429,98.8382745560714,0.000921567607142857,0.00122902214285714,0.00469856214285714,0.00554411110714286,0.00485018921428571
"221",221,"E1",0.0854309366785714,2.18535462425,4163.8090405,28.0801863607143,26.0809139721429,1.53759234757143,844.159595853571,765.770963485714,403007.266696429,0.0378913140357143,0.154480105535714,0.00805393517857143,0.541787481392857,0.415522631607143,107.301693411786,0.264534408964286,0.157099539142857,0.485374285428571,0.274775886071429,0.23099284325,2374.45886628571,2388.44940453571,0.00291568607142857,0.00487862389285714,0,48.4556504092857,48.4654859785714,0.000439639535714286,0.00424990782142857,0.0129009708928571,0.00161806642857143,0.00404472807142857
"223",223,"E1",0.0828599901428571,2.17523751203571,4494.54927053571,66.9505427246429,66.4226530978571,0.704414254714286,280.784305937143,977.087199367857,398430.382,0.0650451458928571,0.130877887321429,0.0469195232142857,0.381452499571429,36.2546837707857,86.9730843021429,0.306515135,0.156602584964286,0.172875727678571,0.513517929142857,0.56037005475,1997.05108557143,1965.876007,0.00272891767857143,0.0238126224642857,0.0189170290357143,41.2731916946429,40.9653772675,0.00176386482142857,0.00433976153571429,0.0113839305714286,0.00593561414285714,0.0100461531071429
"224",224,"E1",0.0978457517857143,1.98097655553571,4133.23289028571,54.4759566317857,49.0393711046429,5.67621750032143,721.0627606835,678.598021528571,406467.117364286,0.0614859101785714,0.262933336678571,0.0473649578571429,0.366182315607143,0.521269270535714,89.1887689539286,0.229816420178571,0.180267379071429,0.188631987892857,0.2952654955,0.242432051035714,2534.19047314286,2522.24205,0.00576950807142857,0.00591337907142857,0.0119706993928571,75.8967053928571,75.0914902175,0.00573626785714286,0.00781245667857143,0.00849781457142857,0.00679654578571429,0.0165302235714286
"225",225,"E1",0.0979578712142857,2.63917070932143,4345.49121825,29.5641083642857,28.1384918803571,0.71433646825,559.520830779643,933.020750682143,409397.526660714,0.0735222048214286,0.103442813571429,0.0251561576785714,0.369678652964286,0.193532285571429,92.5973730460714,0.201945627571429,0.252288633928571,0.20045718875,0.469499738714286,0.393012821178571,2531.64907925,2518.83909992857,0.00232308725,0.00553750692857143,0.008086569,65.5920120296429,65.3021364710714,0.00130987835714286,0.00195907996428571,0.00921107896428571,0.00764858239285714,0.00789545932142857
"226",226,"E1",0.101979482777778,3.92185168144444,4381.60097851852,36.3989501188889,35.0444713937037,0.351421625555556,624.418240718519,906.262610796296,400157.934796296,0.0726404313333333,0.0749330551111111,0.0268200853703704,0.295886523074074,0.248446448296296,95.5367017196296,0.241074585962963,0.195607479481481,0.288461653518518,0.414600674851852,0.417212889703704,2469.07677877778,2446.28939848148,0.00245243155555556,0.008771848,0.00611456592592593,44.9833407518518,44.5605026633333,0.00109657692592593,0.00181469074074074,0.011006355962963,0.00387093611111111,0.00400588637037037
"228",228,"E1",0.0913172598571429,2.23760178875,3429.49413307143,43.7126884314286,42.6740694778571,0.832865861892857,219.677595583571,438.221725885714,395394.671221429,0.0647181985714286,0.0874714503571429,0.0330146172142857,0.296861453785714,0.316935004892857,84.0225119721429,0.234370146892857,0.171447336892857,0.309029689035714,0.341302060642857,0.298440582857143,2391.78411567857,2395.83366453571,0.0036314295,0.00568087707142857,0.00289651471428571,52.6947290857143,52.4974718521429,0.00228387189285714,0.00380461925,0.0164471388928571,0.00255322642857143,0.00343153325
"229",229,"E1",0.0704929274285714,1.73272186078571,3706.87624582143,25.0046131942857,23.1896178207143,0.853222830178571,615.292045489286,541.830008328571,397459.1064,0.0723216444285714,0.0810655295714286,0.0339956245357143,0.29327506425,0.181959350571429,96.1467746175,0.216848544821429,0.170170067392857,0.203883295714286,0.410701960464286,0.125614008928571,2399.97139485714,2430.79582353571,0.00341178835714286,0.00473272632142857,0.00689856157142857,40.7702608957143,40.1325797107143,0.000969244464285714,0.0015958925,0.00741092942857143,0.00217075628571429,0.00489238707142857
"230",230,"E1",0.159466898642857,1.57144585532143,3909.05966685714,26.3827804096429,24.3050255596429,0.241754277535714,723.158974876786,637.527272707143,404284.446185714,0.0707581267142857,0.187119091464286,0.04558107775,0.497579804535714,0.50887889225,93.7496654142857,0.176439886821429,0.220604461714286,0.226685756107143,0.604484168464286,0.198616077285714,2360.31205610714,2402.49386021429,0.00309368260714286,0.01064247925,0.00138859525,46.2385116857143,45.5158468296429,0.000681557035714286,0.00401204039285714,0.00806004342857143,0.00533425217857143,0.00497395007142857
"231",231,"E1",0.0933338882321429,1.76966920346429,3778.85727157143,29.3608206232143,27.1133859746429,0.994728102142857,840.613749616429,568.9288266,403710.3343,0.0350294039642857,0.0936567642857143,0.0435568267857143,0.458907485678571,0.56297340725,104.469199276786,0.217002720035714,0.267166352571429,0.242317998035714,0.739609560964286,0.197270093142857,2560.26844953571,2574.78024592857,0.00489035525,0.00859026735714286,0.00160194739285714,52.3926822878571,51.2949004492857,0.00189760110714286,0.00217866510714286,0.00691924560714286,0.00497619767857143,0.00850219257142857
"232",232,"E1",0.114601784518519,2.33404815644444,3787.75346355556,26.6966274722222,24.1943538711111,0.585408793703704,1024.95149127926,605.806843544444,405880.277281481,0.0653723583703704,0.223672602037037,0.0245846510740741,0.542913741111111,0.348521469777778,105.091628640741,0.229268664888889,0.233201723333333,0.278359859333333,0.651494004111111,0.181239478074074,2580.31935018519,2561.616751,0.00313807533333333,0.00556414155555556,0.00219180751851852,56.4828756866667,55.8407370414815,0.00147800648148148,0.00249805814814815,0.00877014151851852,0.00368171507407407,0.00927249677777778
"233",233,"E1",0.182350173107143,1.82737027825,3851.76342032143,27.3595435,25.5017687592857,0.679954060785714,1370.18411218929,603.599864907143,402816.681017857,0.0440678599642857,0.103493157142857,0.0365583862142857,0.362013251214286,0.501432658535714,109.8852891175,0.239467912107143,0.214584777857143,0.274058445321429,0.670426753035714,0.17310970375,2339.10715075,2362.84848021429,0.00280261742857143,0.00684365378571429,0.000208646035714286,39.7570074160714,39.7868576457143,0.00212134353571429,0.00183518025,0.00470345971428571,0.00219920925,0.00812344242857143
"234",234,"E1",0.0573395028571429,3.13106074475,3634.71038664286,24.4610458103571,22.5737300178571,0.522490920892857,1219.75639123929,598.218125678571,399629.259278571,0.0629449845357143,0.0695060534285714,0.0330188117142857,0.413643975178571,0.671841229357143,99.8973245685714,0.1908639975,0.16168948475,0.250473055964286,0.415336855678571,0.107243694357143,2566.99439360714,2606.20826960714,0.00336200989285714,0.00549759760714286,3.80813571428571e-05,44.5346797471429,45.072921775,0.00217307296428571,0.00197078407142857,0.00734834778571429,0.00336629335714286,0.00733719046428571
"235",235,"E1",0.112647404148148,2.13859648159259,3694.89157544444,32.8867527848148,30.8971929014815,0.576568387888889,1277.58539846296,485.652966622222,402637.270440741,0.0700352501851852,0.156748939555556,0.0188803927037037,0.395297856222222,1.12275441922222,101.77237638037,0.241030999925926,0.209155594481481,0.233686995444444,0.638934977518518,0.12719890237037,2300.02934496296,2304.09844233333,0.00507910522222222,0.013076973962963,0,51.7239324714815,51.8194370651852,0.000924362962962963,0.0040943737037037,0.00126612740740741,0.00857534544444444,0.00513774066666667
"236",236,"E1",0.0813560969259259,2.76245242614815,3742.84329540741,26.8733697340741,25.2472898281481,0.694768272,1284.63866965556,638.283989174074,395328.130062963,0.0539496883703704,0.202957975962963,0.0203842704074074,0.493472777444444,1.33232842248148,106.121763535556,0.230140077333333,0.533238796925926,0.670779123407407,0.509089780148148,0.129133492740741,2297.06996962963,2300.12221066667,0.00497408411111111,0.0107808015185185,0.00168162637037037,60.505993172963,60.2694712288889,0.00144987862962963,0.00145022725925926,0.00698241488888889,0.00290221155555556,0.00631592114814815
"238",238,"E1",0.188880752592593,1.68755816,3437.99271666667,44.3554523892593,42.209872457037,0.93853822062963,419.965954400741,494.122593818519,393541.621407407,0.043568326,0.124429272925926,0.0155695473333333,0.437745114444444,0.422050791592593,68.5240085414815,0.17143723562963,0.169275500592593,0.453382498518519,0.0229106251481481,0.163338986333333,2541.84197266667,2508.24483511111,0.00301100862962963,0.0069068687037037,0.0260286438518519,49.5397365188889,48.4557762833333,0.00138401903703704,0.00404302674074074,0.00221292644444444,0.00382553077777778,0.00696617033333333
"239",239,"E1",0.2135909955,1.48402841392857,3587.75276425,24.6438663671429,22.4066762867857,0.559262297678571,338.783873182857,484.082498271429,402216.966232143,0.0482911565,0.136078396,0.0266134685,0.416143561607143,0.413394233321429,69.5782223132143,0.139450642857143,0.198512056321429,0.219754507392857,0.0837295938214286,0.222054086571429,2250.24691257143,2235.55688264286,0.00483885682142857,0.0154531340714286,0.00342451696428571,49.1361648932143,49.7775169039286,0.000799376428571429,0.00330783482142857,0.00952822067857143,0.00830292075,0.00513781739285714
"240",240,"E1",0.179585213666667,1.10495251203704,3589.06694503704,26.6722930988889,25.5502697285185,1.20854305762963,765.37474792963,434.162548748148,399371.489462963,0.0471302518888889,0.419496622333333,0.0165297128888889,0.44527124137037,0.332061576148148,81.5428043211111,0.163726318814815,0.235028554777778,0.280946924111111,0.0841790464074074,0.128690473148148,1971.16360037037,1970.18484488889,0.00281700062962963,0.00793598092592593,0.0116747261481481,41.20177042,40.982336312963,0.00104907248148148,0.003009701,0.00570014585185185,0.00331001540740741,0.0154463788148148
"241",241,"E1",0.198939051037037,1.38932028962963,3768.20403303704,28.7387916303704,26.346936467037,0.633601754814815,990.779978815556,536.726636948148,396766.882874074,0.0652203108518519,0.0790782587037037,0.037939505037037,0.540902144185185,0.47834881637037,85.1455622859259,0.207502848851852,0.194874759555556,0.224044620703704,0.221485426518519,0.15716137237037,2363.91799325926,2311.96849251852,0.00168390388888889,0.00546221377777778,0.00448192940740741,38.4914012048148,38.2169050544444,0.00141533940740741,0.00176545885185185,0.00584477551851852,0.00937092266666667,0.00506315162962963
"242",242,"E1",0.209521685607143,2.59565030639286,3665.43071242857,34.8840434485714,32.4802178278571,0.380479688857143,929.941922210714,318.538360867857,402449.307553571,0.04206497075,0.0979676370357143,0.0334189711428571,0.467921607214286,0.59549443125,87.2102582796429,0.229289006892857,0.249868897035714,0.260507779321429,0.176885606,0.04362858175,2405.21184392857,2387.92192803571,0.00421120832142857,0.0120234348571429,0,50.8522171685714,51.5818921196429,0.00203882342857143,0.00325728464285714,0.0095119235,0.00511327671428571,0.00405524546428571
"244",244,"E1",0.20650062725,2.76354243057143,3947.86648621429,50.1500418667857,48.5860267689286,0.721496881892857,1446.87040275286,319.228382389286,410430.902621429,0.062836291,0.138131389035714,0.0339435215357143,0.383691370321429,0.702305639,91.5064347046429,0.210301728642857,0.271562732464286,0.333425298464286,0.23942617075,0.0798424888214286,2678.47099814286,2662.77319646429,0.00335094796428571,0.0122108496428571,0,60.1644458021429,59.2562810928571,0.00245237389285714,0.00157835807142857,0.00983158096428571,0.007387631,0.0117701630714286
"245",245,"E1",0.221690150962963,2.26510869414815,3867.62296192593,39.23749612,37.0042745877778,0.932328623407407,982.993337148148,320.636601733333,402685.226548148,0.0688815594074074,0.0987603212962963,0.0348678713703704,0.498572914962963,0.386321698518518,89.3970117366667,0.139201267703704,0.548439449814815,0.372560979037037,0.210034748962963,0.0869104087777778,2493.12037251852,2415.4485037037,0.00455970344444444,0.00822081525925926,0.001664715,54.41165214,54.9493103188889,0.000987784,0.0032034477037037,0.00787839785185185,0.00925994766666667,0.00935457462962963
"246",246,"E1",0.115657794107143,2.15874953689286,3747.77450892857,43.2046939225,42.8500628067857,1.51509167467857,1568.62257794286,317.1476359,401109.537089286,0.0705038983571429,0.0937243497857143,0.0540326468928571,0.816426911107143,0.544037903392857,91.0022564321429,0.209599446571429,0.352764249392857,0.21301140925,0.455607076678571,0.0375546253214286,2297.53259046429,2262.59856664286,0.00253466825,0.00934482910714286,0,43.5091592985714,44.2827163635714,0.000866229142857143,0.00346230667857143,0.00955484675,0.00480459396428571,0.0127251347142857
"247",247,"E1",0.161091011642857,2.20874857296429,3990.67031535714,60.0178210575,56.5383977846429,0.718609987142857,1168.20776830929,343.596661664286,400816.470071429,0.0521227676071429,0.178616030857143,0.0350741119642857,0.6223419465,0.865718922428571,103.5049735075,0.268481003642857,0.382130181928571,0.245259157714286,0.314935384142857,0.0948340496071429,2521.89269264286,2549.97903857143,0.00246178696428571,0.00784152510714286,0.00174144278571429,63.1561281171429,63.2864749828571,0.00254231275,0.00215249467857143,0.0179456188928571,0.00431737892857143,0.00695752185714286
"248",248,"E1",0.178883966464286,2.58584030053571,3737.49027564286,52.9424438364286,50.7020461485714,0.998816668214286,1531.09064747143,537.700073575,404447.018353571,0.0521574184285714,0.10302938725,0.0299898277857143,0.543272959428571,0.760818273107143,97.4444639725,0.207627196107143,0.311480453178571,0.579047132928571,0.477691516214286,0.0416278253214286,1214.68350346429,1208.12993710714,0.0023106155,0.00513535528571429,0.00031857625,9.65291688657143,9.63747839939286,0.00317395710714286,0.00216806492857143,0.0109717018928571,0.00816206010714286,0.0161285257142857
"250",250,"E1",0.138395595607143,1.9665131365,4354.46062382143,30.2513941371429,28.1235039367857,0.538490647321429,1313.21518844893,644.739763332143,398865.235157143,0.0531161002142857,0.167528979928571,0.0282795058928571,0.664470313464286,0.327393352285714,97.4318468378571,0.184950535142857,0.213117017678571,0.325068112928571,0.45666233575,0.253304633321429,2483.20714885714,2462.25985803571,0.00269322342857143,0.00599155135714286,0,42.8592823625,43.1989774603571,0.00136808225,0.00356378275,0.00667674371428571,0.00463820785714286,0.00338801275
"251",251,"E1",0.07186217308,3.2218514404,4408.4582464,69.9182001276,65.7628905572,2.59463596736,1498.034509568,463.333373676,404414.453356,0.0540007458,0.13819458276,0.0337987966,0.66194154472,1.03320470456,86.179867448,0.17273718668,0.20961429112,0.17933539684,0.17042400824,0.1685884622,1169.91253264,1163.12448036,0.00327807304,0.01052622988,0.00126855496,10.79987714272,10.52537281528,0.0014801182,0.0048269698,0.00436313864,0.00541886456,0.005512052
"255",255,"E1",0.100523646857143,2.53409711582143,4183.361208,27.0669706667857,24.4450549435714,0.539592045428571,321.763986,569.265003235714,397094.954060714,0.0687243201428571,0.109786443285714,0.0347261632857143,0.27428548575,0.385892226535714,86.7325225271429,0.255985512321429,0.26629093625,0.237757985535714,0.134886698071429,0.263328090964286,2473.44269278571,2492.15010539286,0.003740154,0.00748583542857143,0.0173535609642857,65.6433864175,63.8108123428571,0.00109136435714286,0.000989777,0.00689182642857143,0.00312217814285714,0.00980847621428571
"256",256,"E1",0.108705566666667,2.75910134033333,4522.54276196296,29.9636828840741,28.5409578003704,0.245105572148148,422.925782708926,830.583264762963,401400.724488889,0.0935710654074074,0.157772183888889,0.0249877268518519,0.582922927185185,0.473549869925926,89.974099662963,0.227892708148148,0.169273332888889,0.0932616388888889,0.118055170962963,0.440684561888889,2678.46430881482,2704.03858422222,0.00510228474074074,0.00615875514814815,0.0102932352222222,84.3247959088889,85.0792118077778,0.0011002272962963,0.00170929685185185,0.00320423951851852,0.00173645959259259,0.0032282157037037
"260",260,"E1",0.0284729080714286,1.62198201821429,3792.81925757143,44.7782599457143,42.5186698510714,0.544012443357143,237.44118998,530.770212575,399278.281264286,0.070778077,0.286937626428571,0.0384007754285714,0.348622979214286,0.377143150214286,75.761515005,0.211025662821429,0.123637296821429,0.132984100607143,0.0785731471428571,0.235960961107143,2273.09466314286,2301.92632732143,0.00327214553571429,0.00955224446428571,0.000934135678571429,57.7801000785714,57.3359208403571,0.00125218810714286,0.000955458678571428,0.0123179295714286,0.00340712246428571,0.00827546664285714
"261",261,"E1",0.0558744399285714,1.48645262117857,3912.08687853571,45.486083225,44.2686698857143,0.676407222428571,613.263548132857,539.038594407143,403296.418453571,0.0723772462857143,0.0990015983214286,0.0314773306428571,0.563218841571429,6.9559692845,90.6625091946429,0.241108421642857,0.291876017035714,0.277742819571429,0.207191716928571,0.248033063821429,2596.19490310714,2603.248445,0.00252126010714286,0.00819345889285714,0.00429647696428571,66.7535203614286,66.6628382671429,0.00163588878571429,0.00223215957142857,0.00403453517857143,0.00171369328571429,0.00734311185714286
"263",263,"E1",0.0317085118928571,1.81232410885714,3845.87215167857,53.2386194785714,50.8247602435714,0.701351777178571,527.568581426429,818.426162125,405498.389703571,0.0668710379285714,0.135939707142857,0.0328127235,0.355880277428571,1.0626030445,78.7778302857143,0.216391721928571,0.198014134535714,0.159836692857143,0.0961301381428571,0.355687603035714,2433.67129021429,2410.27870417857,0.00225263885714286,0.00315462907142857,0.000534866964285714,45.5079441346429,44.7146823210714,0.00107798467857143,0.00213366582142857,0.00642147367857143,0.00337345842857143,0.00437587453571429
"264",264,"E1",0.0547172524285714,1.17885404603571,3984.95134778571,24.5862544364286,22.1334890875,0.733989152928571,434.966174906429,518.895055153571,399685.993378571,0.0540032704642857,0.115554295071429,0.0413738683928571,0.394253853857143,0.229671302535714,91.3808121446429,0.139652687178571,0.246892422357143,0.203619955357143,0.18331126775,0.199267662178571,2135.56284860714,2133.48813207143,0.00273491842857143,0.005738852,0.000497034821428571,39.8237561207143,39.4359945178571,0.000375279142857143,0.000864977142857143,0.00612678167857143,0.00479255114285714,0.00580568039285714
"268",268,"E1",0.0130343641071429,1.051363635,4000.69708825,17.9166059878571,16.4652489985714,0.955349356642857,558.612713491429,607.959970035714,403085.580460714,0.0588324826428571,3.303854049,0.0199241539642857,0.698223789857143,0.549118400107143,81.9380363528571,0.22537534125,0.170327360142857,0.218223969821429,0.180062730428571,0.377053628785714,2271.15573317857,2296.25474053571,0.00227904375,0.00558064864285714,0.000233339678571429,54.865089305,52.9647651871429,0.00203630921428571,0.00108475935714286,0.0126535488214286,0.00227262642857143,0.00985047035714286
"270",270,"E1",0.0438529916785714,1.51917902025,3877.43473646429,38.7190703564286,36.1631417742857,0.327401126357143,886.906338257857,756.025986542857,401961.593282143,0.03367003725,0.264390332357143,0.03015908375,0.504919658285714,0.514272803035714,91.5895848857143,0.275715207142857,0.23482942525,0.521411019857143,0.24268979075,0.249995348571429,2163.05608082143,2191.02729421429,0.00490828303571429,0.010242733,0,52.2864937267857,51.8697135360714,0.00124744867857143,0.00265950157142857,0.00582674721428571,0.00376225414285714,0.0127209615714286
"271",271,"E1",0.277038279,1.46790441036,4033.10578388,42.7059848248,40.8430994836,1.15333059116,190.5480600872,849.582273348,402712.234224,0.04703762192,0.268042099,0.0216096458,0.44836948672,0.28945812896,71.1359457368,0.23258546824,6.29327521764,0.77317214144,0.06144242644,0.3815097242,2112.6954792,2106.02211692,0.00396714656,0.006826481,0.02937788184,33.456664168,32.390477276,0.0039801674,0.00303182732,0.011591409,0.0032753558,0.01036553512
"272",272,"E1",0.277106699642857,2.14820910610714,3940.48676157143,40.4149348260714,38.901392195,0.605527032107143,550.355727445714,785.886741717857,402271.867453571,0.0503951575357143,0.159024589464286,0.01698135825,0.536941331928571,0.498758304821429,82.3936903475,1.01374886153571,27.2234790452143,0.504857719678571,0.182201316392857,0.277775724607143,2666.26520496429,2631.69030742857,0.00369849564285714,0.00541404767857143,0.0138068086785714,88.5058127078571,87.6605899864286,0.00148752292857143,0.00327911978571429,0.00434646964285714,0.00435941214285714,0.00881311689285714
"273",273,"E1",0.264789331407407,2.02997897374074,3982.45103185185,34.2158889251852,32.7013525733333,0.572691411444444,628.489834785185,676.636510081481,400219.409933333,0.0607637115555556,0.220015949814815,0.0233253746666667,0.437351228481482,0.576510223,79.7928699733333,0.36674052637037,0.208018856592593,0.227796206111111,0.17574087162963,0.205297872074074,2688.20059940741,2663.97423907407,0.00375510133333333,0.010149441,0.008038526,70.1149732048148,70.6735324525926,0.00178431422222222,0.00072112162962963,0.00356960859259259,0.0037431802962963,0.00341289437037037
"274",274,"E1",0.270247953357143,1.61947861735714,3760.28716475,55.0023559107143,54.1909614339286,0.599521760107143,637.992917471071,702.557095960714,401458.007125,0.06439910175,0.161510083107143,0.0220367137142857,0.508048184392857,0.387206695428571,90.9337058578571,0.296169834464286,2.41492210603571,0.449244738285714,0.171551685214286,0.234870551964286,2352.35825196429,2381.22026964286,0.00335553946428571,0.0116939071785714,0.00356699421428571,67.2815892078571,67.7080703814286,0.00209995107142857,0.00278434992857143,0.0174964480714286,0.00356998446428571,0.00776245914285714
"275",275,"E1",0.312851441321429,2.14377343117857,4093.74332696429,39.8003766346429,37.72041789,0.627884857964286,796.455275410714,808.6286663,411555.279053571,0.0574163468571429,0.267138275071429,0.0297807157857143,0.452928211428571,0.409314436107143,87.1447767292857,0.262983670357143,0.789510726357143,0.617605187857143,0.295839130392857,0.299461572892857,2072.66935946429,2109.30580271429,0.00360026035714286,0.0144856905357143,0.00293160514285714,33.9816911457143,33.3692546078571,0.00196643325,0.00161782382142857,0.0111756190714286,0.00436086846428571,0.0135638155
"276",276,"E1",0.16560616662963,2.3724799592963,4107.88463674074,68.2381432366667,65.7272361377778,1.68551591407407,885.209361130037,743.617413944444,405176.046788889,0.0414861544444444,0.112738484296296,0.0283212240740741,0.36647778662963,1.74026434281481,86.9677907951852,0.243349003407407,0.12223418,0.302900374555556,0.26920097662963,0.32227341162963,1740.25334340741,1728.61619566667,0.00248058981481481,0.0083945367037037,0.0062956977037037,17.8968187757037,17.8795376803704,0.00176060044444444,0.00410473707407407,0.00209468059259259,0.001711341,0.00856718588888889
"277",277,"E1",0.265326244962963,2.49077099607407,4032.00849577778,27.0084605188889,27.0973423166667,0.989879860518519,1115.78907379963,804.174988662963,399987.685488889,0.0680909831481481,0.103075561074074,0.0266108824814815,0.446990340777778,0.253438918666667,92.156636242963,0.237061328592593,0.199841664555556,0.65918406837037,0.334694538,0.312070837555556,2298.78208262963,2337.96703018519,0.00178713074074074,0.0115962930740741,0.00570302911111111,59.1084494211111,58.6413657022222,0.00299846981481481,0.00199850096296296,0.00370198,0.0050292947037037,0.0078911917037037
"278",278,"E1",0.347520992642857,2.95856673492857,4077.22321035714,30.21103726,28.8059518246429,0.852477730714286,1245.65814822857,1168.49778414286,411664.2033,0.0491586605714286,0.174206922785714,0.0326844985,0.526899857178571,1.21411343482143,97.2217419735714,0.24025468075,0.248631480892857,0.422050151964286,0.402977783107143,0.397763646357143,2287.30892689286,2309.07153592857,0.00484117814285714,0.00747670303571429,0.00521664246428571,53.3789003214286,52.9666373760714,0.00271844882142857,0.00319283825,0.00334902810714286,0.00509258457142857,0.00620658625
"280",280,"E1",0.268325108535714,2.11909022932143,4127.08554521429,91.3795329378571,89.2818645532143,0.664678212142857,648.792259884643,692.436039378571,400619.306785714,0.0537622584285714,0.133888491571429,0.0197893479642857,0.356675227642857,0.695362799857143,76.3869022914286,0.263737910285714,0.414237370428571,0.537579573857143,0.0881746577142857,0.125739113821429,2087.75686821429,2048.43006782143,0.00200413092857143,0.010983151,0.00213291757142857,29.5718273628571,28.7939773635714,0.00151459246428571,0.00312725896428571,0.00426688121428571,0.00779515657142857,0.00825637707142857
"281",281,"E1",0.228851763392857,2.020246076,4249.20754817857,72.1475546296429,70.3777895421429,0.744215526392857,1359.59599472786,738.077193921429,398892.049903571,0.0520913290714286,0.326040346357143,0.0189978421785714,0.362162889071429,1.04546341542857,87.6475918089286,0.178526218857143,0.217223525428571,0.46308410875,0.234005427178571,0.178021552714286,2000.5219955,1980.33438475,0.00290863832142857,0.0151596596785714,0.00588257803571429,29.0124033471429,28.7474596164286,0.00111695517857143,0.00222535189285714,0.00946401846428571,0.00776295192857143,0.0114592634285714
"282",282,"E1",0.314403577964286,2.42407669032143,4341.704572,49.1033599682143,47.1958712007143,0.792469080178571,1372.02073069957,765.484000178571,408064.990417857,0.0616044426071429,0.161102144642857,0.0444583199285714,0.626556908857143,1.27149325939286,85.1538669546429,0.594858754,0.213262606178571,0.423111129785714,0.346941069535714,0.0932543571785714,2182.87083196429,2176.84006617857,0.00309448525,0.00677377614285714,0.00121213471428571,30.1742717014286,31.3915537085714,0.000469020535714286,0.00492112071428571,0.0104438546428571,0.00320970767857143,0.0124382769642857
"283",283,"E1",0.2216651105,1.79839850403571,4315.2076595,33.335766185,32.0057234467857,0.501604861285714,1327.43490625714,776.980334496429,404926.9837,0.0622501544285714,0.158283654928571,0.0349874045,0.382317002071429,0.225566604535714,78.6367534425,0.55511523075,1.43990581242857,3.20727010296429,0.109138631928571,0.102006528964286,2528.59659364286,2589.29174867857,0.00560992732142857,0.01330779825,0.000540407178571428,61.5182588564286,61.0993001192857,0.00203039975,0.00282078253571429,0.00950827717857143,0.00566927167857143,0.0165950278928571
"284",284,"E1",0.219548745678571,2.54772169675,4384.48884157143,49.5406550310714,47.5213930564286,2.34769596682143,951.596489151786,464.191431953571,401613.564603571,0.0673884336785714,0.679262722357143,0.0340469062142857,0.537265299964286,1.1774089245,95.3683789171429,0.651821336,0.352872967571429,0.830403120321429,0.248560306678571,0.153822061892857,2312.28456996429,2362.44651482143,0.00283706828571429,0.00596771607142857,0.00325911989285714,34.2144219078571,32.76644793,0.00175427782142857,0.00241334789285714,0.00783941489285714,0.00511480942857143,0.0178317309642857
"285",285,"E1",0.172825861192308,1.56054253842308,3598.15999592308,42.2566221184615,41.2269114907692,1.57657416315385,1265.3338476,576.101977680769,398326.574807692,0.0786710504615385,0.132136062269231,0.0365369653461538,0.531196549923077,0.328306908846154,76.2584215142308,0.217489892423077,0.251334631076923,0.204756359115385,0.122907360576923,0.239991326961538,2446.30208292308,2457.42386961538,0.00280166988461538,0.00856407153846154,0.0386566615384615,53.8954049423077,53.8967293957692,0.00165207242307692,0.00412049273076923,0.014118929,0.00213093926923077,0.0115464060769231
"286",286,"E1",0.243620926607143,1.30745004296429,3579.71111921429,34.79385052,32.4150479592857,0.912569772357143,1355.55753943214,567.804142139286,401055.6295,0.0707049139285714,0.152317739071429,0.0497944638214286,0.670794668428571,0.372742720357143,81.4693931171429,0.277994483535714,0.226067684321429,0.208304551785714,0.170087350392857,0.228819183,2225.89949642857,2274.13969228571,0.00364903389285714,0.0128169620714286,0.0165342859285714,55.8082281125,55.6992616385714,0.00257392721428571,0.00175250603571429,0.0126629537142857,0.00679618971428571,0.0119007392142857
"288",288,"E1",0.268725676,1.54239436407407,3679.60362818519,39.30843366,36.7235544114815,0.978938403259259,1428.81231808148,577.166198022222,402922.700551852,0.126329881851852,0.115308073592593,0.058586634037037,0.632478076222222,0.42816655862963,78.6135552688889,0.204938868518519,0.208119941777778,0.309259500925926,0.342293833555556,0.261909484925926,2268.09676940741,2305.04169133333,0.00525269225925926,0.00938143725925926,0.0119284791481481,45.6439624492593,45.3808496922222,0.00157415544444444,0.00166384874074074,0.00278237951851852,0.00734457177777778,0.00930299925925926
"289",289,"E1",0.274216488535714,1.54601962553571,3511.15842953571,72.2870005878571,69.4042197082143,1.30443296021429,1579.10329760357,482.994884696429,401941.282932143,0.0982270271071429,1.40395085596429,0.0614985290357143,0.410769559857143,2.41134368960714,76.6340273289286,0.181577538392857,0.188473608678571,0.758353874178571,0.114910747,0.2218282505,1630.61605767857,1618.20415035714,0.00257029660714286,0.0152653939642857,0.00696593364285714,19.5856097692857,19.8167162757143,0.00164483328571429,0.00323460396428571,0.00755672921428571,0.00775326507142857,0.00871373417857143
"290",290,"E1",0.236407185928571,1.50584296464286,3674.62832842857,31.9891798714286,30.3191879507143,1.58810586292857,1627.77936293571,554.458212664286,397938.251382143,0.0941617739285714,0.174898323892857,0.0516041685,0.522682310857143,0.371332119857143,82.3118863203571,0.202192363964286,0.185321726821429,0.230456140285714,0.2204763485,0.181396091428571,2300.68837842857,2356.65472082143,0.00284863885714286,0.00987613442857143,0.00333940703571429,57.1895350342857,56.68755614,0.00175766925,0.00309765264285714,0.00535470067857143,0.006941653,0.00503272292857143
"291",291,"E1",0.262801838071429,1.49246902725,3701.18612917857,44.7250154539286,42.7335793282143,0.830023287214286,1404.43133039286,529.378722085714,402354.73355,0.097900524,0.185692432428571,0.0543430234285714,0.780314510392857,0.911802440892857,89.264830495,0.259702661,0.268124672535714,0.303600205214286,0.305817167321429,0.204900419714286,1988.11451164286,1988.00279825,0.00225591071428571,0.00238037792857143,0,29.7235543971429,28.5967111564286,0.000444082142857143,0.00194086217857143,0.00490899167857143,0.00276095085714286,0.00752399525
"292",292,"E1",0.188317892392857,1.35926419871429,3630.82608964286,44.8437589553571,43.4875050032143,0.964796221214286,1106.92364950357,504.711844746429,393875.733846429,0.112310069071429,0.126066588321429,0.0552262491071429,0.563202294321429,0.298309313857143,77.0786933767857,0.230771416892857,0.223919195678571,0.195340019107143,0.179446688178571,0.19333694125,2302.72347182143,2322.31815853571,0.00471395739285714,0.0116299078214286,0,48.9760029010714,48.0414947910714,0.000824726,0.00248071039285714,0.0146174063928571,0.00751420967857143,0.0120788739285714
"293",293,"E1",0.222741219142857,1.15219568982143,3854.35759232143,25.7095669678571,23.9970032764286,1.10835548378571,1795.05992400714,575.661639014286,403749.409171429,0.0421447805357143,0.270277398607143,0.0479160957857143,0.49658674025,0.377400439107143,81.8227672975,0.181191639535714,0.240636678535714,0.158526793642857,0.171036311214286,0.130691275285714,2004.74319714286,2029.79992821429,0.00373726735714286,0.0106613708214286,0.000543555642857143,36.8845790092857,36.7023166603571,0.00249223639285714,0.00212752339285714,0.00984350392857143,0.00410050317857143,0.00998151057142857
"294",294,"E1",0.288437143142857,1.38160490192857,3789.13485414286,36.5815614471429,34.5099853257143,1.07524587617857,1723.04306518929,584.634092807143,406104.108032143,0.0476111243928571,0.249190670464286,0.0203297098571429,0.33653317925,0.799445427571429,84.2553250067857,0.287104603535714,0.224602215857143,0.241132473285714,0.354471999857143,0.14004716325,2050.88176028571,2022.20302678571,0.00253442757142857,0.00404390528571429,0.00030608625,35.6249224464286,35.9873600889286,0.00101233321428571,0.00204728514285714,0.00529071846428571,0.00525548353571429,0.00570872975
"295",295,"E1",0.23630945075,2.53151537367857,4328.64033303571,24.3886254996429,22.3207654767857,1.37558157125,1542.59007355393,617.085338425,394392.651953571,0.0769057274642857,0.240336002321429,0.0403280386785714,0.490823278678571,0.401380158107143,81.9028675060714,0.229355449107143,0.227374114071429,0.214216102964286,0.2950166895,0.21339137375,2417.13135660714,2440.69762296429,0.00398950071428571,0.00846180803571429,0.00155763242857143,49.8101151171429,49.4876400092857,0.00196684257142857,0.00165893521428571,0.00883290696428572,0.00310099575,0.00546177089285714
"296",296,"E1",0.216486308964286,3.04094421142857,4369.92551417857,28.5420269539286,25.776200525,1.19021928485714,1878.98987443929,538.968385510714,396488.089939286,0.0420683509642857,0.297527844892857,0.0326770549285714,0.510674853142857,0.791772086607143,81.2642402896429,0.193799544,0.227954685285714,0.424710408607143,0.279803183785714,0.195349961357143,2119.23817375,2127.22136442857,0.00409202721428571,0.0161530118214286,0,46.4821889360714,46.1076243667857,0.00310673092857143,0.00339294810714286,0.0122282913928571,0.00635323585714286,0.0100659167142857
"297",297,"E1",0.16263582762963,3.02095289514815,4378.61640725926,57.5666372803704,55.5583448918519,1.53562204688889,1589.28466782963,545.830825277778,401182.546596296,0.0744307415555556,0.406723828111111,0.0467708502222222,0.643450355407407,0.486939456888889,82.9058408655556,0.125340213259259,0.150391325814815,0.258817702111111,0.318855687740741,0.188035039740741,2293.13336292593,2329.94803651852,0.00506662492592593,0.00318406685185185,0,55.2176060555556,54.6916867055556,0.000565536407407407,0.00212692318518519,0.0236980793703704,0.00407883174074074,0.00842827240740741
"298",298,"E1",0.150539626769231,1.396061957,4144.08379119231,35.2818655611538,33.2098256657692,0.925289588846154,881.687195625769,645.7815984,402187.83845,0.0638031210769231,0.1721470925,0.0261533372692308,0.600932694769231,0.194404675615385,69.5706828634615,0.193533851423077,0.230632636115385,0.254843499153846,0.053808873,0.285934605346154,2519.87168623077,2445.89937573077,0.00594854288461538,0.0127463964615385,0.0456466106538462,45.9928210119231,46.5235928226923,0.000561190230769231,0.00293365569230769,0.0122779896538462,0.0116322397307692,0.00778996865384615
"299",299,"E1",0.191034125037037,1.49480635585185,3904.87833740741,36.9393222751852,35.1477939166667,0.738129685481482,1398.41981848,442.241617585185,397263.951018519,0.0631001006296296,0.182572885407407,0.0332459571851852,0.457428676592593,0.622411927518518,78.3611140951852,0.201331749444444,0.354559464111111,0.214871642296296,0.158604559407407,0.146159428518519,2280.63165985185,2321.96556696296,0.00363738485185185,0.00564574225925926,0.0108419489259259,49.4573267674074,48.4233470662963,0.00131235877777778,0.0024529777037037,0.00283590014814815,0.00998986466666667,0.00682889022222222
"300",300,"E1",0.254274300357143,1.84087793642857,4106.13105567857,46.2472291225,43.7463522096429,0.628537085892857,976.811680507143,579.954138221429,397133.479978571,0.0551993554285714,0.224336204214286,0.049933771,0.679594826892857,1.10001685575,73.0248892828571,0.146789793821429,0.279224975285714,0.203957232785714,0.0796359657857143,0.0795037418467857,2136.888069,2142.0453005,0.003040831,0.0125004141785714,0.00910901875,44.9565915567857,43.8377019628571,0.00225673242857143,0.00154835353571429,0.0111685891428571,0.00831934764285714,0.00833006021428571
"302",302,"E1",0.245683997892857,1.88012202157143,4201.56900007143,28.3769415725,26.2511421614286,1.1077331615,1537.45491968929,677.265783753571,402597.946232143,0.0350247737142857,0.200669852535714,0.0395586884642857,0.466518823785714,0.227158459357143,79.3386509035714,0.211475683928571,0.281714171,0.213471925571429,0.232996325535714,0.191541873535714,2566.56669146429,2542.88782985714,0.00587011432142857,0.00517790953571429,0.005433147,67.6466675614286,66.3969918871429,0.0018029005,0.00311212360714286,0.00450750885714286,0.009767244,0.00833174310714286
"303",303,"E1",0.257706122,1.754309788,4062.62786153571,45.5803636310714,45.2572363107143,0.892836251464286,987.845683603571,533.696974589286,397295.434417857,0.0852738601071429,0.150143129464286,0.0404100761785714,0.419993691535714,0.860655521392857,80.9314814017857,0.16495174175,0.287583540535714,0.309326179928571,0.127632296571429,0.151696000321429,2151.06573046429,2118.29873789286,0.00366838067857143,0.00789034175,0.00257005617857143,37.7640740128571,36.3217393057143,0.00254956917857143,0.00195478089285714,0.0100039254285714,0.0101869690357143,0.00663450835714286
"304",304,"E1",0.227532544321429,1.40842989414286,4127.46274171429,24.64140326,22.9372500228571,0.966013579785714,1590.15891820714,594.508696964286,399436.371767857,0.0922941303214286,0.172500458357143,0.0634731734285714,0.532077841642857,0.365766910714286,79.090089775,0.122486906535714,0.287670659964286,0.299301063357143,0.123737397571429,0.164926391107143,2184.771928,2156.76891371429,0.00390991853571429,0.00823095914285714,0.0153617660357143,38.4319134785714,38.8761343192857,0.0022776145,0.00631188114285714,0.0148044376428571,0.00630759157142857,0.00565962614285714
"305",305,"E1",0.1806962125,1.7610072015,3989.20439307143,36.2474195467857,34.5574425828571,1.52854779467857,1110.92664743357,1395.99064946429,397186.227996429,0.0548559642142857,0.143933648571429,0.0581986986428571,0.430458046607143,0.642205285892857,76.5336723275,0.198557302321429,0.428505356857143,0.577702557821429,0.0730722526428571,0.675059085071429,2288.23242682143,2291.12558392857,0.00218275192857143,0.00380681660714286,0.00642955260714286,35.7172039532143,35.18534585,0.000759698285714286,0.00213757292857143,0.0121017238214286,0.000933305785714286,0.0213679137857143
"306",306,"E1",0.232875576107143,0.789790888678571,4105.815007,28.9267752321429,27.5973714596429,0.854942105107143,1157.55324549643,1070.63897047857,398594.21855,0.0676217453928571,0.2080863135,0.0217490457857143,0.747087593607143,1.01179155471429,83.3146906357143,0.3025048635,0.210999339107143,0.297831045892857,0.364158816785714,0.245340150642857,2158.02829714286,2162.70586075,0.00309157321428571,0.00875561517857143,0,35.7101391660714,36.1133018625,0.0021390945,0.00467074946428571,0.00465377642857143,0.00373589028571429,0.00791065067857143
"307",307,"E1",0.160967087321429,0.83167405225,3970.39697525,30.3433666985714,29.4967124625,0.806819936571429,1317.49524833214,1184.38836274643,397820.656289286,0.0463452007142857,0.138453818178571,0.0320609032857143,0.631483623785714,0.2942734685,75.8268422210714,0.220350807571429,0.246448546714286,0.270226898928571,0.115917247714286,0.32288729825,2415.70026417857,2420.963685,0.00250894489285714,0.01025699725,0.00583441517857143,57.8192560057143,56.71105859,0.000806539107142857,0.00165609342857143,0.00310257575,0.01156100775,0.00557521103571429
"308",308,"E1",0.158253855107143,0.790288581714286,4040.55548910714,30.9725907307143,28.3607997682143,0.849358899107143,937.339550087143,1248.69421766071,396753.773521429,0.0478962521785714,0.159187883821429,0.0304710939642857,0.589779364214286,0.625440318964286,88.240832615,0.151310044321429,0.221671433714286,0.263567856607143,0.284485996428571,0.599998814857143,2433.996369,2414.29898982143,0.00486972225,0.00698557082142857,0,54.7522505178571,54.1906491496429,0.000804723857142857,0.00306054864285714,0.0146927591428571,0.00552344942857143,0.00990601214285714
"309",309,"E1",0.259599919214286,1.10924950275,4071.79707107143,28.1738501410714,25.8169347371429,1.41004171253571,1345.68749449286,1052.27386777857,397403.220067857,0.0440085123928571,0.332262878357143,0.0437638716428571,0.384307082,0.356141698107143,81.2661165975,0.191954923821429,0.202262764321429,0.291586574071429,0.261484239821429,0.40901077375,2237.55101225,2235.31658864286,0.00274012067857143,0.0157708944642857,0.00579864639285714,31.6822302192857,32.0240425985714,0.00257266353571429,0.00243016828571429,0.0112983175,0.00532111807142857,0.00808120996428571
"310",310,"E1",68.0487424657037,49.0396644682593,3852.23852389259,275.747794011111,210.082635112222,533.799501132741,871539.659170559,2783.0367413037,362420.855411111,93.8816777658889,340.682417070815,58.2571217374074,495.903972323407,129.643351777741,2436.4589557937,53.1948845727037,163.52794264037,82.8323397756667,21.0481298631481,125.736403692926,2123.6262665,1779.77399863926,1.5166674992963,11.8537175951481,56.9021646568148,47.7018282937037,39.0076960607407,4.06772036859259,2.05797615596296,11.5122354165556,6.49838117844444,28.592019401037
"311",311,"E1",0.285109910785714,1.216993243,4145.84969953571,37.1381435417857,36.6033800414286,2.13179975939286,1159.68026258929,408.637367185714,395442.379435714,0.0594616019642857,0.6006544915,0.0329345882142857,0.587839798464286,0.910713279214286,91.48237644,0.260657842357143,0.360539608857143,0.399315711928571,0.375632696071429,0.0698365968571429,2411.44545014286,2356.49595342857,0.00252485460714286,0.0064862145,0.000825967392857143,63.0603002825,63.6271490946429,0.00219755975,0.00294910282142857,0.00599995435714286,0.00969462610714286,0.017000677
"312",312,"E1",0.255062222695652,1.83372443404348,3978.24336017391,61.1161645121739,58.8597553382609,1.46115362595652,1002.83863899609,383.37366903913,396951.72146087,0.060760923826087,0.281182657304348,0.0501308380869565,0.559243725565217,0.703150509086957,56.4944798795652,0.196428633043478,0.303064101391304,0.129438801173913,0.101408383,0.192519981,2485.78508217391,2519.00849830435,0.00399045560869565,0.0133830186521739,0.052526941826087,63.1579085873913,62.7669570126087,0.00195715134782609,0.00179350456521739,0.0127501,0.007571658,0.0059635422173913
"313",313,"E1",0.281156951892857,1.68230182839286,4088.52469257143,27.370094965,25.3592389575,1.93721376696429,1208.24082170714,699.34563695,400584.469432143,0.11145906125,0.226375541857143,0.0352571860714286,0.702355141785714,0.186831648178571,59.7210602910714,0.224271963678571,0.234359952464286,0.452220162714286,0.104191183321429,0.416230579678571,2203.99632810714,2215.541922,0.0054178655,0.012588013,0.0267055736428571,34.6105113275,34.0815914621429,0.00271297535714286,0.003231796,0.0158756019285714,0.0010533485,0.0158715967857143
"314",314,"E1",0.290827169571429,1.90815960353571,3841.18188621429,32.3992345342857,30.1155840435714,0.787961395821429,1329.68223349643,582.854083207143,396311.204757143,0.0878505064642857,0.300866828035714,0.0454633002857143,0.581900456178571,0.719338604571429,77.2540161407143,0.211338582642857,0.217816205392857,1.06019067225,0.113320088821429,0.0903910991071429,2040.92870857143,2059.85909367857,0.00448163125,0.00938425417857143,0.0152434699285714,30.2177715621429,30.8034730560714,0.00178356028571429,0.00762999207142857,0.0207527896428571,0.00717082042857143,0.0121806125357143
"315",315,"E1",0.281240161857143,1.27401395182143,3811.81546471429,32.9298911378571,30.6536649635714,1.51634837217857,1075.3806038975,456.964711717857,400959.741760714,0.07729727275,0.357795671142857,0.0673537565714286,0.905364558071429,0.704080368107143,71.9651625239286,0.216846302928571,0.283331593642857,0.463308690107143,0.251395170535714,0.125843890428571,2352.65619117857,2363.394082,0.00352280746428571,0.00596653207142857,0.0137093674642857,48.6199330571429,48.2108961,0.00178997414285714,0.0049485075,0.0131459519642857,0.00489297767857143,0.0101445331428571
"316",316,"E1",0.351875534589286,1.05999699871429,4051.33613221429,52.6010143489286,48.7246554453571,0.907064125357143,841.438062985714,531.082234671429,403912.719771429,0.05533083925,0.288956448821429,0.0407629475,0.368521352892857,0.329127524892857,71.3206386378571,0.229114694107143,0.254686273535714,0.536508857214286,0.154721439928571,0.189672595357143,2575.05730653571,2563.35323471429,0.00474341821428571,0.00328865439285714,0.00423477989285714,58.9254560271429,58.33671971,0.00191195496428571,0.00370174203571429,0.0121641028571429,0.0172043786071429,0.00694818875
"318",318,"E1",0.254796013285714,1.35521140307143,4078.75507153571,31.259638,29.2682109032143,1.16713421878571,1256.943635875,1195.95048712857,396257.387139286,0.0855988368214286,0.241779019857143,0.0234327250357143,0.749343385678571,0.577621113178571,71.1645661725,0.231176961357143,0.19602363125,0.328404297428571,0.234612198821429,0.603165503785714,2129.06589053571,2144.19601385714,0.00209226871428571,0.0166553213571429,0.0116307044642857,38.5235392589286,38.0056531114286,0.00210195225,0.0038788565,0.0137867779285714,0.00906439353571429,0.0170551835714286
"319",319,"E1",0.122042886571429,1.20377639685714,4077.66482489286,26.352618175,26.9517032796429,0.599786589214286,826.828458607143,1242.36909260714,398997.930135714,0.0150301356785714,0.376123813821429,0.0406926878928571,0.648731710464286,0.338095867392857,80.8381586264286,0.210035096392857,0.319137868964286,0.776814712,0.197546176428571,0.761707395142857,2504.04534925,2504.79735625,0.00413372257142857,0.0212011199642857,0.00267331464285714,52.6095919010714,53.3102565042857,0.00144309246428571,0.0025249775,0.00948563064285714,0.00767015660714286,0.00496841239285714
"321",321,"E1",0.163502217642857,1.56023786717857,4186.04730564286,29.6817112207143,27.2089390714286,1.35450512846429,899.466575692857,1268.92975128571,397312.265139286,0.108573523678571,2.29179060225,0.0338695778214286,0.413054386928571,0.367340059107143,68.8089881882143,0.264747878785714,0.283094395142857,0.993130112571429,0.240514424642857,0.826297130892857,2371.97993942857,2354.36453971429,0.00400088028571429,0.0280344544642857,0.00725008135714286,47.4191504667857,46.5777588207143,0.000847479428571429,0.00425198471428571,0.00461260557142857,0.00672523839285714,0.0201462326071429
"322",322,"E1",0.202068398214286,6.39678497246429,4158.33949467857,31.0178532532143,28.646053565,2.11935918435714,1145.30900368857,1481.86140117857,401821.210760714,0.0675831348571429,0.290971351392857,0.0397741912142857,0.604236405785714,0.294635016642857,73.6799774203571,0.25582527375,0.725307871785714,0.977832076107143,0.227948578607143,1.072803941,2505.66221060714,2486.6340565,0.00581500171428571,0.0212163746428571,0.00756407971428571,59.085525765,58.3847435546429,0.00151180210714286,0.00299784221428571,0.012339844,0.00815185246428572,0.019611938
"323",323,"E1",0.243636524111111,2.3870394632963,4109.19435966667,63.6589780322222,60.3631339848148,0.743204361814815,848.419495586296,249.194840081481,397864.369288889,0.061963236,0.156023059,0.0332813787037037,0.518421913296296,1.0413948387037,83.9517945907407,0.195219839814815,0.525535716148148,0.927591360555556,0.303393946037037,0.0280444635555556,2562.99625551852,2548.51302314815,0.00419948833333333,0.0111777826666667,0.002802741,79.374271117037,77.2688848262963,0.000266812333333333,0.0037444047037037,0.0177641184814815,0.00488914937037037,0.0159552815925926
"324",324,"E1",0.23820398425,2.53299138435714,4261.02053807143,50.2966070928571,49.4399119775,1.28740773367857,1165.48586312857,331.285237421429,398162.950675,0.0920819081428571,0.272843642107143,0.0464965669285714,0.774934802714286,1.29568912539286,80.4706833025,0.201564916642857,0.474446701428571,1.44692315939286,0.367984034607143,0.0785209607142857,2682.56063207143,2640.76118671429,0.00437445635714286,0.007717058,0,100.077608315,96.9962659635714,0.00138557,0.00567530207142857,0.0100416054285714,0.00587725889285714,0.0125303713214286
"325",325,"E1",0.205055670571429,2.06659641553571,4291.62962978571,47.5072779471429,46.1992102678571,0.576805334071429,1407.22708246929,410.221972671429,397270.8064,0.0547264451785714,0.292279364642857,0.0525096523928571,0.782732054035714,0.662472465928571,79.7827829882143,0.211558775321429,0.459425979928571,0.983129853892857,0.324921648107143,0.118186972714286,2652.84053839286,2639.50092125,0.00759704275,0.0124544339642857,0.003687465,85.9245461582143,86.4715980953571,0.00211137725,0.00322253121428571,0.00883051342857143,0.00840291564285714,0.0106189649285714
"326",326,"E1",0.2550350835,1.66645928225,4195.66915857143,51.0623214432143,49.6985858446429,1.14775849892857,1831.70520518929,434.245898132143,393568.678557143,0.0636564360714286,0.112528202678571,0.0671286995357143,0.639016810892857,0.845669081428571,81.8077954514286,0.344156336821429,0.418376853785714,0.539852912892857,0.428679365285714,0.0127902243571429,2733.87661364286,2754.46731025,0.00391044739285714,0.00950722153571429,0.00373531614285714,118.850553244286,119.089983403571,0.00146296892857143,0.00222002421428571,0.0138806066071429,0.0151166912857143,0.0136573031428571
